{
  "fold_acc": [
    0.795,
    0.78,
    0.785,
    0.81,
    0.7638190954773869
  ],
  "mean": 0.7867638190954775,
  "std": 0.015382297795766412
}