{
  "fold_acc": [
    0.785,
    0.785,
    0.77,
    0.83,
    0.7788944723618091
  ],
  "mean": 0.7897788944723618,
  "std": 0.02084748572778433
}