{
  "fold_acc": [
    0.61,
    0.62,
    0.62,
    0.615,
    0.6432160804020101
  ],
  "mean": 0.621643216080402,
  "std": 0.011406012395207514
}