{
  "fold_acc": [
    0.6,
    0.62,
    0.635,
    0.655,
    0.6030150753768844
  ],
  "mean": 0.6226030150753769,
  "std": 0.020516379929411164
}