{
  "fold_acc": [
    0.755,
    0.715,
    0.79,
    0.72,
    0.7135678391959799
  ],
  "mean": 0.7387135678391958,
  "std": 0.02980061941050162
}